Take the last letters of each words in "Skyler Oliver Cristy Sierra" and concatenate them.,The last letter of "Skyler" is "r".The last letter of "Oliver" is "r".The last letter of "Cristy" is "y".The last letter of "Sierra" is "a".So the final answer is "rrya". Therefore the answer is "rrya".
Take the last letters of each words in "Irving Hans Moses Nicole" and concatenate them.,The last letter of "Irving" is "g".The last letter of "Hans" is "s".The last letter of "Moses" is "s".The last letter of "Nicole" is "e".So the final answer is "g s s e". Therefore the answer is "g s s e".
Take the last letters of each words in "June Robin Josie Bo" and concatenate them.,The last letter of "June" is "e".The last letter of "Robin" is "n".The last letter of "Josie" is "e".The last letter of "Bo" is "o".So we have "e" "n" "e" and "o". We can concatenate them to get "eneo". Therefore the answer is "eneo".
Take the last letters of each words in "Raymundo Jonathon Lexi Rony" and concatenate them.,The last letter of "Raymundo" is "o".The last letter of "Jonathon" is "n".The last letter of "Lexi" is "i".The last letter of "Rony" is "y".So the final answer is "oniy". Therefore the answer is "oniy".
Take the last letters of each words in "Guadalupe Ebony Wil Luke" and concatenate them.,The last letter of "Guadalupe" is "e".The last letter of "Ebony" is "y".The last letter of "Wil" is "l".The last letter of "Luke" is "e".So the final answer is "eyle". Therefore the answer is "eyle".
Take the last letters of each words in "Justin Neal Jt Lucia" and concatenate them.,The last letter of "Justin" is "n".The last letter of "Neal" is "l".The last letter of "Jt" is "t".The last letter of "Lucia" is "a".So the final answer would be "nlta". Therefore the answer is "nlta".
Take the last letters of each words in "Williams Reza Ashton Lillian" and concatenate them.,The last letter of "Williams" is "s". The last letter of "Reza" is "a". The last letter of "Ashton" is "n". The last letter of "Lillian" is "n". So the final answer would be "s-a-n-n". Therefore the answer is "sann".
Take the last letters of each words in "Buddy Violet Johana Tina" and concatenate them.,The last letter of the first word is "y".The last letter of the second word is "t".The last letter of the third word is "a".The last letter of the fourth word is "a".So the final answer is "ytaa". Therefore the answer is "ytaa".
Take the last letters of each words in "Cat Alisha Ramon Norberto" and concatenate them.,The last letter of "Cat" is "t".The last letter of "Alisha" is "a".The last letter of "Ramon" is "n".The last letter of "Norberto" is "o".So the final answer is "tano". Therefore the answer is "tano".
Take the last letters of each words in "Lucky Mireya Jj Kc" and concatenate them.,The last letter of "Lucky" is "y".The last letter of "Mireya" is "a".The last letter of "Jj" is "j".The last letter of "Kc" is "c".So we have "yajc". Therefore the answer is "yajc".
Take the last letters of each words in "Garry Arielle Elba Rodney" and concatenate them.,The last letter of "Garry" is "y".The last letter of "Arielle" is "e".The last letter of "Elba" is "a".The last letter of "Rodney" is "y".So the final answer is "yeay". Therefore the answer is "yeay".
Take the last letters of each words in "Bernard Lidia Sebastian Judy" and concatenate them.,The last letter of "Bernard" is "d".The last letter of "Lidia" is "a".The last letter of "Sebastian" is "n".The last letter of "Judy" is "y".So the final answer is "dany". Therefore the answer is "dany".
Take the last letters of each words in "Kristine Van Marisol Preston" and concatenate them.,The last letter of "Kristine" is "e".The last letter of "Van" is "n".The last letter of "Marisol" is "l".The last letter of "Preston" is "n".So the final answer is "enln". Therefore the answer is "enln".
Take the last letters of each words in "Kristopher Deb Jake Tammy" and concatenate them.,The last letter of "Kristopher" is "r".The last letter of "Deb" is "b".The last letter of "Jake" is "e".The last letter of "Tammy" is "y".So the final answer is "rbey". Therefore the answer is "rbey".
Take the last letters of each words in "Jeannie Kenneth Porfirio Ezequiel" and concatenate them.,The last letter of "Jeannie" is "e".The last letter of "Kenneth" is "h".The last letter of "Porfirio" is "o".The last letter of "Ezequiel" is "l".So the final answer is "ehol". Therefore the answer is "ehol".
Take the last letters of each words in "Alain Jerome Kristina Ida" and concatenate them.,The last letter of "Alain" is "n".The last letter of "Jerome" is "e".The last letter of "Kristina" is "a".The last letter of "Ida" is "a".So the final answer is "neaa". Therefore the answer is "neaa".
Take the last letters of each words in "Sabrina Pete Mary La" and concatenate them.,The last letter of "Sabrina" is "a".The last letter of "Pete" is "e".The last letter of "Mary" is "y".The last letter of "La" is "a".So the final answer is "aeya". Therefore the answer is "aeya".
Take the last letters of each words in "Myriam José Cecy Faisal" and concatenate them.,The last letter of "Myriam" is "m".The last letter of "José" is "é".The last letter of "Cecy" is "y".The last letter of "Faisal" is "l".So the final answer would be "méyl". Therefore the answer is "méyl".
Take the last letters of each words in "Marshall Herman Faye Grant" and concatenate them.,The last letter of "Marshall" is "l".The last letter of "Herman" is "n".The last letter of "Faye" is "e".The last letter of "Grant" is "t".So the answer is "lnet". Therefore the answer is "lnet".
Take the last letters of each words in "Axel Osvaldo Mildred Sylvia" and concatenate them.,The last letter of "Axel" is "l".The last letter of "Osvaldo" is "o".The last letter of "Mildred" is "d".The last letter of "Sylvia" is "a".So the final answer is "loda". Therefore the answer is "loda".
Take the last letters of each words in "Camilo Becky Eliza Rebecca" and concatenate them.,The last letter of "Camilo" is "o".The last letter of "Becky" is "y".The last letter of "Eliza" is "a".The last letter of "Rebecca" is "a".So the final answer is "oyaa". Therefore the answer is "oyaa".
Take the last letters of each words in "Allyson Mara Jo Toni" and concatenate them.,The last letter of "Allyson" is "n".The last letter of "Mara" is "a".The last letter of "Jo" is "o".The last letter of "Toni" is "i".So the final answer is "n-a-o-i" (without the hyphens). Therefore the answer is "naoi".
Take the last letters of each words in "Jodi Judi Nia Raj" and concatenate them.,The last letter of "Jodi" is "i".The last letter of "Judi" is "i".The last letter of "Nia" is "a".The last letter of "Raj" is "j".So the final answer would be "iiaj". Therefore the answer is "iiaj".
Take the last letters of each words in "Nick Ada Stephany Suzie" and concatenate them.,The last letter of "Nick" is "k".The last letter of "Ada" is "a".The last letter of "Stephany" is "y".The last letter of "Suzie" is "e".Therefore the answer is "kaye". Therefore the answer is "kaye".
Take the last letters of each words in "Chava Rosalia Kurt Linda" and concatenate them.,The last letter of "Chava" is "a".The last letter of "Rosalia" is "a".The last letter of "Kurt" is "t".The last letter of "Linda" is "a".So the final answer is "aata". Therefore the answer is "aata".
Take the last letters of each words in "Mel Josh Alejandra Harley" and concatenate them.,The last letter of the first word is "l".The last letter of the second word is "h".The last letter of the third word is "a".The last letter of the fourth word is "y".So the final answer is "lhay". Therefore the answer is "lhay".
Take the last letters of each words in "Marlen Sonja Anita Dale" and concatenate them.,The last letter of "Marlen" is "n".The last letter of "Sonja" is "a".The last letter of "Anita" is "a".The last letter of "Dale" is "e".So the final answer is "naae". Therefore the answer is "naae".
Take the last letters of each words in "Martin Sage Tanisha Rick" and concatenate them.,The last letter of "Martin" is "n". The last letter of "Sage" is "e". The last letter of "Tanisha" is "a". The last letter of "Rick" is "k". So the final answer would be "neak". Therefore the answer is "neak".
Take the last letters of each words in "Antonio Ronald Ken Rachael" and concatenate them.,The last letter of "Antonio" is "o". The last letter of "Ronald" is "d". The last letter of "Ken" is "n". The last letter of "Rachael" is "l". So the final answer is "odnl". Therefore the answer is "odnl".
Take the last letters of each words in "Charles Emilio Vivek Steve" and concatenate them.,The last letter of "Charles" is "s". The last letter of "Emilio" is "o". The last letter of "Vivek" is "k". The last letter of "Steve" is "e". So the final answer is "soke". Therefore the answer is "soke".
Take the last letters of each words in "Jesse Roderick Travis Rita" and concatenate them.,The last letter of "Jesse" is "e".The last letter of "Roderick" is "k".The last letter of "Travis" is "s".The last letter of "Rita" is "a".So we can concatenate these letters to get "eksa". Therefore the answer is "eksa".
Take the last letters of each words in "Suzanne Julissa Chino America" and concatenate them.,The last letter of "Suzanne" is "e".The last letter of "Julissa" is "a".The last letter of "Chino" is "o".The last letter of "America" is "a".So the final answer is "eaoa". Therefore the answer is "eaoa".
Take the last letters of each words in "Rosario Manoj Adolfo Reina" and concatenate them.,The last letter of "Rosario" is "o".The last letter of "Manoj" is "j".The last letter of "Adolfo" is "o".The last letter of "Reina" is "a".So the final answer is "ojoa". Therefore the answer is "ojoa".
Take the last letters of each words in "Deandre Moe Jack Vanessa" and concatenate them.,The last letter of "Deandre" is "e".The last letter of "Moe" is "e".The last letter of "Jack" is "k".The last letter of "Vanessa" is "a".Therefore the answer is "eeka". Therefore the answer is "eeka".
Take the last letters of each words in "Rahul Praveen Isaiah Elsie" and concatenate them.,The last letter of "Rahul" is "l".The last letter of "Praveen" is "n".The last letter of "Isaiah" is "h".The last letter of "Elsie" is "e".So the final answer is "lnhe". Therefore the answer is "lnhe".
Take the last letters of each words in "Ramona Lucy Gail Octavio" and concatenate them.,Ramona: aLucy: yGail: lOctavio: oThe answer would be "aylo." Therefore the answer is "aylo."
Take the last letters of each words in "Evelyn Mason Shelby Aldo" and concatenate them.,The last letter of "Evelyn" is "n".The last letter of "Mason" is "n".The last letter of "Shelby" is "y".The last letter of "Aldo" is "o".So the final answer would be "nnyo". Therefore the answer is "nnyo".
Take the last letters of each words in "Angelique Marissa Phyllis Bonnie" and concatenate them.,The last letter of "Angelique" is "e".The last letter of "Marissa" is "a".The last letter of "Phyllis" is "s".The last letter of "Bonnie" is "e".So the final answer is "ease". Therefore the answer is "ease".
Take the last letters of each words in "Latoya Eliseo Trina Melisa" and concatenate them.,The last letter of "Latoya" is "a".The last letter of "Eliseo" is "o".The last letter of "Trina" is "a".The last letter of "Melisa" is "a".So the final answer is "aoaa". Therefore the answer is "aoaa".
Take the last letters of each words in "Ale Gaspar Sonny Simon" and concatenate them.,The last letter of "Ale" is "e".The last letter of "Gaspar" is "r".The last letter of "Sonny" is "y".The last letter of "Simon" is "n".So the final answer would be "eryn". Therefore the answer is "eryn".
Take the last letters of each words in "Frank Trevor Al Gabriella" and concatenate them.,The last letter of "Frank" is "k". The last letter of "Trevor" is "r". The last letter of "Al" is "l". The last letter of "Gabriella" is "a". So the final answer would be "krla". Therefore the answer is "krla".
Take the last letters of each words in "Vinny Landon Miguel Caitlyn" and concatenate them.,The last letter of "Vinny" is "y".The last letter of "Landon" is "n".The last letter of "Miguel" is "l".The last letter of "Caitlyn" is "n".So the final answer would be "ynln". Therefore the answer is "ynln".
Take the last letters of each words in "Whitney Erika Tj Benito" and concatenate them.,The last letter of "Whitney" is "y".The last letter of "Erika" is "a".The last letter of "Tj" is "j".The last letter of "Benito" is "o".So the final answer is "yajo". Therefore the answer is "yajo".
Take the last letters of each words in "Carole William Tiffany Hilary" and concatenate them.,The last letter of "Carole" is "e".The last letter of "William" is "m".The last letter of "Tiffany" is "y".The last letter of "Hilary" is "y".So the final answer would be "emyy". Therefore the answer is "emyy".
Take the last letters of each words in "Guillermo Gerry Lizbeth Charly" and concatenate them.,The last letter of "Guillermo" is "o".The last letter of "Gerry" is "y".The last letter of "Lizbeth" is "h".The last letter of "Charly" is "y".So the final answer is "oyhy". Therefore the answer is "oyhy".
Take the last letters of each words in "Yajaira Terrell Adam Lexie" and concatenate them.,The last letter of "Yajaira" is "a".The last letter of "Terrell" is "l".The last letter of "Adam" is "m".The last letter of "Lexie" is "e".So the final answer is "alme". Therefore the answer is "alme".
Take the last letters of each words in "Julieta Zachary Jared Tyson" and concatenate them.,The last letter of "Julieta" is "a".The last letter of "Zachary" is "y".The last letter of "Jared" is "d".The last letter of "Tyson" is "n".So the final answer would be "aydn". Therefore the answer is "aydn".
Take the last letters of each words in "Alec Arianna Corina Juancarlos" and concatenate them.,The last letter of "Alec" is "c".The last letter of "Arianna" is "a".The last letter of "Corina" is "a".The last letter of "Juancarlos" is "s".So the final answer would be "caas". Therefore the answer is "caas".
Take the last letters of each words in "Juliet Ricardo Tita Dianna" and concatenate them.,The last letter of "Juliet" is "t".The last letter of "Ricardo" is "o".The last letter of "Tita" is "a".The last letter of "Dianna" is "a".So the final answer would be "t-o-a-a" (without the quotation marks). Therefore the answer is "toaa".
Take the last letters of each words in "Constance Nicholas Will Love" and concatenate them.,The last letter of "Constance" is "e".The last letter of "Nicholas" is "s".The last letter of "Will" is "l".The last letter of "Love" is "e".So the final answer is "esle". Therefore the answer is "esle".
Take the last letters of each words in "Trish Vero Victor Clemente" and concatenate them.,The last letter of "Trish" is "h".The last letter of "Vero" is "o".The last letter of "Victor" is "r".The last letter of "Clemente" is "e".So the final answer would be "hore". Therefore the answer is "hore".
Take the last letters of each words in "Angelina Layla Jenny Zane" and concatenate them.,The last letter of "Angelina" is "a".The last letter of "Layla" is "a".The last letter of "Jenny" is "y".The last letter of "Zane" is "e".So the final answer is "aaye". Therefore the answer is "aaye".
Take the last letters of each words in "Erwin Chad Margarito Shanna" and concatenate them.,The last letter of "Erwin" is "n".The last letter of "Chad" is "d".The last letter of "Margarito" is "o".The last letter of "Shanna" is "a".So the final answer would be "n-d-o-a" or "ndoa". Therefore the answer is "ndoa".
Take the last letters of each words in "Manuel Aurelio India Rosalba" and concatenate them.,The last letter of "Manuel" is "l".The last letter of "Aurelio" is "o".The last letter of "India" is "a".The last letter of "Rosalba" is "a".So the final answer is "loaa". Therefore the answer is "loaa".
Take the last letters of each words in "Ever Gio Elia Ramesh" and concatenate them.,The last letter of "Ever" is "r".The last letter of "Gio" is "o".The last letter of "Elia" is "a".The last letter of "Ramesh" is "h".So the final answer is "roah". Therefore the answer is "roah".
Take the last letters of each words in "Teresa Reid Karin Gracie" and concatenate them.,The last letter of "Teresa" is "a".The last letter of "Reid" is "d".The last letter of "Karin" is "n".The last letter of "Gracie" is "e".So the final answer would be "adne". Therefore the answer is "adne".
Take the last letters of each words in "Edwin Lovely Curt Damon" and concatenate them.,The last letter of "Edwin" is "n".The last letter of "Lovely" is "y".The last letter of "Curt" is "t".The last letter of "Damon" is "n".So the final answer is "n y t n" or "n y t n". Therefore the answer is "n y t n".
Take the last letters of each words in "Martha Elijah Dominic Tonya" and concatenate them.,The last letter of "Martha" is "a".The last letter of "Elijah" is "h".The last letter of "Dominic" is "c".The last letter of "Tonya" is "a".So the final answer is "ahca". Therefore the answer is "ahca".
Take the last letters of each words in "Mario Pierre Amit Nelson" and concatenate them.,The last letter of "Mario" is "o". The last letter of "Pierre" is "e". The last letter of "Amit" is "t". The last letter of "Nelson" is "n". If we put all these letters together we get "oetn". Therefore the answer is "oetn".
Take the last letters of each words in "Christy Rey Michelle Dolly" and concatenate them.,The last letter of "Christy" is "y".The last letter of "Rey" is "y".The last letter of "Michelle" is "e".The last letter of "Dolly" is "y".So the final answer is "yyey". Therefore the answer is "yyey".
Take the last letters of each words in "Emma Maryann Olga Nataly" and concatenate them.,The last letter of "Emma" is "a".The last letter of "Maryann" is "n".The last letter of "Olga" is "a".The last letter of "Nataly" is "y".So the final answer is "anay". Therefore the answer is "anay".
Take the last letters of each words in "Jeremiah Kelley Josue Veronica" and concatenate them.,The last letter of "Jeremiah" is "h".The last letter of "Kelley" is "y".The last letter of "Josue" is "e".The last letter of "Veronica" is "a".So the final answer would be "hyea". Therefore the answer is "hyea".
Take the last letters of each words in "Elizabeth Mitch Brooke Jordyn" and concatenate them.,The last letter of "Elizabeth" is "h".The last letter of "Mitch" is "h".The last letter of "Brooke" is "e".The last letter of "Jordyn" is "n".So the final answer is "hhen". Therefore the answer is "hhen".
Take the last letters of each words in "Fernanda Magda Elmer Alvaro" and concatenate them.,The last letter of "Fernanda" is "a".The last letter of "Magda" is "a".The last letter of "Elmer" is "r".The last letter of "Alvaro" is "o".So the final answer would be "aaro". Therefore the answer is "aaro".
Take the last letters of each words in "King Edith Traci Flor" and concatenate them.,The last letter of "King" is "g".The last letter of "Edith" is "h".The last letter of "Traci" is "i".The last letter of "Flor" is "r".So the final answer would be "ghir". Therefore the answer is "ghir".
Take the last letters of each words in "Fausto Tito Jade Terrance" and concatenate them.,The last letter of "Fausto" is "o".The last letter of "Tito" is "o".The last letter of "Jade" is "e".The last letter of "Terrance" is "e".So the final answer would be "ooee". Therefore the answer is "ooee".
Take the last letters of each words in "Ivy Romeo Jana Ej" and concatenate them.,The last letter of "Ivy" is "y".The last letter of "Romeo" is "o".The last letter of "Jana" is "a".The last letter of "Ej" is "j".So the final answer is "yoaj". Therefore the answer is "yoaj".
Take the last letters of each words in "Scotty Edgar Hanna Austin" and concatenate them.,The last letter of "Scotty" is "y".The last letter of "Edgar" is "r".The last letter of "Hanna" is "a".The last letter of "Austin" is "n".So we have "yran". Therefore the answer is "yran".
Take the last letters of each words in "Armando Astrid Anibal Dakota" and concatenate them.,The last letter of "Armando" is "o".The last letter of "Astrid" is "d".The last letter of "Anibal" is "l".The last letter of "Dakota" is "a".So the final answer is "odla". Therefore the answer is "odla".
Take the last letters of each words in "Wesley Marcelo Rodolfo Erick" and concatenate them.,The last letter of "Wesley" is "y".The last letter of "Marcelo" is "o".The last letter of "Rodolfo" is "o".The last letter of "Erick" is "k".So the final answer is "yook". Therefore the answer is "yook".
Take the last letters of each words in "Maryam Susy Trinity Pearl" and concatenate them.,The last letter of "Maryam" is "m".The last letter of "Susy" is "y".The last letter of "Trinity" is "y".The last letter of "Pearl" is "l".So the final answer is "myyl". Therefore the answer is "myyl".
Take the last letters of each words in "Dave Ernesto Liam Marsha" and concatenate them.,The last letter of "Dave" is "e".The last letter of "Ernesto" is "o".The last letter of "Liam" is "m".The last letter of "Marsha" is "a".So the final answer would be "eoma". Therefore the answer is "eoma".
Take the last letters of each words in "Isaac Reyes Carly Tania" and concatenate them.,The last letter of "Isaac" is "c".The last letter of "Reyes" is "s".The last letter of "Carly" is "y".The last letter of "Tania" is "a".So the final answer would be "csya". Therefore the answer is "csya".
Take the last letters of each words in "Sue Cassandra Cody Cali" and concatenate them.,The last letter of the first word is "e".The last letter of the second word is "a".The last letter of the third word is "y".The last letter of the fourth word is "i".Therefore the final answer is "eayi". Therefore the answer is "eayi".
Take the last letters of each words in "Mauricio Lee Madi Lizzie" and concatenate them.,The last letter of "Mauricio" is "o".The last letter of "Lee" is "e".The last letter of "Madi" is "i".The last letter of "Lizzie" is "e".So the final answer is "oeie". Therefore the answer is "oeie".
Take the last letters of each words in "Agnes Adrienne Haley Riley" and concatenate them.,The last letter of "Agnes" is "s".The last letter of "Adrienne" is "e".The last letter of "Haley" is "y".The last letter of "Riley" is "y".So the final answer is "s-e-y-y" (without the quotation marks). Therefore the answer is "seyy".
Take the last letters of each words in "Wally Claire Helen Nacho" and concatenate them.,The last letter of "Wally" is "y".The last letter of "Claire" is "e".The last letter of "Helen" is "n".The last letter of "Nacho" is "o".So the final answer is "yeno". Therefore the answer is "yeno".
Take the last letters of each words in "Emanuel Cheyenne Perez Yvette" and concatenate them.,The last letter of "Emanuel" is "l".The last letter of "Cheyenne" is "e".The last letter of "Perez" is "z".The last letter of "Yvette" is "e".So the final answer would be "l-e-z-e". Therefore the answer is "leze".
Take the last letters of each words in "Emely Chelsea Vladimir Tyrone" and concatenate them.,The last letter of "Emely" is "y".The last letter of "Chelsea" is "a".The last letter of "Vladimir" is "r".The last letter of "Tyrone" is "e".So we have "yar" concatenated. Therefore the answer is "yare".
Take the last letters of each words in "Dalila Emily Casey Clifford" and concatenate them.,The last letter of "Dalila" is "a".The last letter of "Emily" is "y".The last letter of "Casey" is "y".The last letter of "Clifford" is "d".So the final answer is "ayyd". Therefore the answer is "ayyd".
Take the last letters of each words in "Chance Valentin Micah Clara" and concatenate them.,The last letter of "Chance" is "e".The last letter of "Valentin" is "n".The last letter of "Micah" is "h".The last letter of "Clara" is "a".So the final answer is "enha". Therefore the answer is "enha".
Take the last letters of each words in "Noelia Cassidy Ashok Francisco" and concatenate them.,The last letter of "Noelia" is "a".The last letter of "Cassidy" is "y".The last letter of "Ashok" is "k".The last letter of "Francisco" is "o".So the final answer would be "ayko". Therefore the answer is "ayko".
Take the last letters of each words in "Marty Justine Edgardo Osman" and concatenate them.,The last letter of "Marty" is "y".The last letter of "Justine" is "e".The last letter of "Edgardo" is "o".The last letter of "Osman" is "n".So we have "y" + "e" + "o" + "n" = "yeon". Therefore the answer is "yeon".
Take the last letters of each words in "Max Mikey Cynthia Holly" and concatenate them.,The last letter of "Max" is "x". The last letter of "Mikey" is "y". The last letter of "Cynthia" is "a". The last letter of "Holly" is "y". If we put all these letters together we get "xyay". Therefore the answer is "xyay".
Take the last letters of each words in "Hazel Gabrielle Tre Dalton" and concatenate them.,The last letter of "Hazel" is "l".The last letter of "Gabrielle" is "e".The last letter of "Tre" is "e".The last letter of "Dalton" is "n".So the final answer would be "l-e-e-n". Therefore the answer is "leen".
Take the last letters of each words in "Colton Dexter Katy Brayden" and concatenate them.,The last letter of "Colton" is "n".The last letter of "Dexter" is "r".The last letter of "Katy" is "y".The last letter of "Brayden" is "n".So the final answer would be "nryn". Therefore the answer is "nryn".
Take the last letters of each words in "Kristie Johnnie Marisa Derick" and concatenate them.,The last letter of "Kristie" is "e".The last letter of "Johnnie" is "e".The last letter of "Marisa" is "a".The last letter of "Derick" is "k".So we would concatenate "e" "e" "a" and "k" to get "eeak". Therefore the answer is "eeak".
Take the last letters of each words in "Maureen Fabian Claudette Peyton" and concatenate them.,The last letter of "Maureen" is "n".The last letter of "Fabian" is "n".The last letter of "Claudette" is "e".The last letter of "Peyton" is "n".So the final answer is "nnen". Therefore the answer is "nnen".
Take the last letters of each words in "Tucker Daniel Hernandez Alison" and concatenate them.,The last letter of "Tucker" is "r".The last letter of "Daniel" is "l".The last letter of "Hernandez" is "z".The last letter of "Alison" is "n".So the final answer would be "rlzn". Therefore the answer is "rlzn".
Take the last letters of each words in "Carla Dolores Cooper Damion" and concatenate them.,The last letter of "Carla" is "a".The last letter of "Dolores" is "s".The last letter of "Cooper" is "r".The last letter of "Damion" is "n".So the final answer would be "asrn". Therefore the answer is "asrn".
Take the last letters of each words in "Caleb Chase Eleazar Chanel" and concatenate them.,The last letter of "Caleb" is "b".The last letter of "Chase" is "e".The last letter of "Eleazar" is "r".The last letter of "Chanel" is "l".So the final answer would be "berl". Therefore the answer is "berl".
Take the last letters of each words in "Beatriz Gillian Coco Vivian" and concatenate them.,The last letter of "Beatriz" is "z".The last letter of "Gillian" is "n".The last letter of "Coco" is "o".The last letter of "Vivian" is "n".So the answer is "znon". Therefore the answer is "znon".
Take the last letters of each words in "Brandon Ivonne Jefferson Isabella" and concatenate them.,The last letter of "Brandon" is "n".The last letter of "Ivonne" is "e".The last letter of "Jefferson" is "n".The last letter of "Isabella" is "a".So the final answer is "nena". Therefore the answer is "nena".
Take the last letters of each words in "Arnold Aidan Ally Ami" and concatenate them.,The last letter of the first word is "d".The last letter of the second word is "n".The last letter of the third word is "y".The last letter of the fourth word is "i".So the final answer is "dnyi". Therefore the answer is "dnyi".
Take the last letters of each words in "Stella Janis Darren Lena" and concatenate them.,The last letter of "Stella" is "a".The last letter of "Janis" is "s".The last letter of "Darren" is "n".The last letter of "Lena" is "a".So the final answer would be "asna". Therefore the answer is "asna".
Take the last letters of each words in "Andre Oralia Carrie Bruno" and concatenate them.,The last letter of the first word is "e".The last letter of the second word is "a".The last letter of the third word is "e".The last letter of the fourth word is "o".So the final answer is "eaeo". Therefore the answer is "eaeo".
Take the last letters of each words in "Lilian Ian Bryce Aracely" and concatenate them.,The last letter of "Lilian" is "n".The last letter of "Ian" is "n".The last letter of "Bryce" is "e".The last letter of "Aracely" is "y".So the final answer would be "nney". Therefore the answer is "nney".
Take the last letters of each words in "Rogelio Freddy Ivan Madeleine" and concatenate them.,The last letter of the first word is "o". The last letter of the second word is "y". The last letter of the third word is "n". The last letter of the fourth word is "e". So the final answer is "oyne". Therefore the answer is "oyne".
Take the last letters of each words in "Orlando Colby Julius Ofelia" and concatenate them.,The last letter of "Orlando" is "o". The last letter of "Colby" is "y". The last letter of "Julius" is "s". The last letter of "Ofelia" is "a". So the final answer is "oysa". Therefore the answer is "oysa".
Take the last letters of each words in "Sally Sadie Christie Ellie" and concatenate them.,The last letter of "Sally" is "y".The last letter of "Sadie" is "e".The last letter of "Christie" is "e".The last letter of "Ellie" is "e".So the final answer is "yeee". Therefore the answer is "yeee".
Take the last letters of each words in "Russ Berta Mandy Lydia" and concatenate them.,The last letter of "Russ" is "s". The last letter of "Berta" is "a". The last letter of "Mandy" is "y". The last letter of "Lydia" is "a". Therefore the final answer is "saya". Therefore the answer is "saya".
Take the last letters of each words in "Abel Mallory Theresa Quinn" and concatenate them.,The last letter of "Abel" is "l".The last letter of "Mallory" is "y".The last letter of "Theresa" is "a".The last letter of "Quinn" is "n".So the final answer is "lyan". Therefore the answer is "lyan".
Take the last letters of each words in "Paris Jimmie Andrew Ramón" and concatenate them.,The last letter of "Paris" is "s". The last letter of "Jimmie" is "e". The last letter of "Andrew" is "w". The last letter of "Ramón" is "n". So the final answer would be "s e w n". Therefore the answer is "sewn".
Take the last letters of each words in "Maura Selvin Tabitha Gino" and concatenate them.,The last letter of "Maura" is "a".The last letter of "Selvin" is "n".The last letter of "Tabitha" is "a".The last letter of "Gino" is "o".So the final answer is "anao". Therefore the answer is "anao".
Take the last letters of each words in "Amparo Gianna Dion Tessa" and concatenate them.,The last letter of "Amparo" is "o".The last letter of "Gianna" is "a".The last letter of "Dion" is "n".The last letter of "Tessa" is "a".So the final answer is "oana". Therefore the answer is "oana".
Take the last letters of each words in "Nicolas Aaliyah Pascual Rob" and concatenate them.,The last letter of "Nicolas" is "s".The last letter of "Aaliyah" is "h".The last letter of "Pascual" is "l".The last letter of "Rob" is "b".So the final answer is "shlb". Therefore the answer is "shlb".
Take the last letters of each words in "Jaime Brad Levi Emmanuel" and concatenate them.,The last letter of "Jaime" is "e".The last letter of "Brad" is "d".The last letter of "Levi" is "i".The last letter of "Emmanuel" is "l".So the final answer is "edil". Therefore the answer is "edil".
Take the last letters of each words in "Gabino Kayla Laurie Familia" and concatenate them.,The last letter of "Gabino" is "o".The last letter of "Kayla" is "a".The last letter of "Laurie" is "e".The last letter of "Familia" is "a".So the final answer would be "oaea". Therefore the answer is "oaea".
Take the last letters of each words in "April Molly Maurice Jaclyn" and concatenate them.,The last letter of the first word is "l".The last letter of the second word is "y".The last letter of the third word is "e".The last letter of the fourth word is "n".So the final answer would be "lyen". Therefore the answer is "lyen".
Take the last letters of each words in "Guillermina Evelin Dominique Johnny" and concatenate them.,The last letter of "Guillermina" is "a".The last letter of "Evelin" is "n".The last letter of "Dominique" is "e".The last letter of "Johnny" is "y".So the final answer is "aney". Therefore the answer is "aney".
Take the last letters of each words in "Lucio Víctor Lester Allie" and concatenate them.,The last letter of "Lucio" is "o".The last letter of "Víctor" is "r".The last letter of "Lester" is "r".The last letter of "Allie" is "e".So the final answer is "o r r e". Therefore the answer is "orre".
Take the last letters of each words in "Mari Ximena Leo Antonia" and concatenate them.,The last letter of "Mari" is "i".The last letter of "Ximena" is "a".The last letter of "Leo" is "o".The last letter of "Antonia" is "a".So the final answer would be "iaoa". Therefore the answer is "iaoa".
Take the last letters of each words in "Shari Bella Liza Maira" and concatenate them.,The last letter of "Shari" is "i".The last letter of "Bella" is "a".The last letter of "Liza" is "a".The last letter of "Maira" is "a".So the final answer is "iaaa". Therefore the answer is "iaaa".
Take the last letters of each words in "Braulio Staci Jocelyn Brittany" and concatenate them.,The last letter of "Braulio" is "o".The last letter of "Staci" is "i".The last letter of "Jocelyn" is "n".The last letter of "Brittany" is "y".So the final answer is "oiny". Therefore the answer is "oiny".
Take the last letters of each words in "Skylar Chrissy Misty Kike" and concatenate them.,The last letter of "Skylar" is "r".The last letter of "Chrissy" is "y".The last letter of "Misty" is "y".The last letter of "Kike" is "e".So the final answer is "ryye". Therefore the answer is "ryye".
Take the last letters of each words in "Janette Stacey Ronny Kim" and concatenate them.,The last letter of "Janette" is "e".The last letter of "Stacey" is "y".The last letter of "Ronny" is "y".The last letter of "Kim" is "m".Therefore the final answer is "eyym". Therefore the answer is "eyym".
Take the last letters of each words in "Ruben Bernardo Ariel Shelley" and concatenate them.,The last letter of "Ruben" is "n".The last letter of "Bernardo" is "o".The last letter of "Ariel" is "l".The last letter of "Shelley" is "y".So the final answer is "noly". Therefore the answer is "noly".
Take the last letters of each words in "Kristen Herbert Benny El" and concatenate them.,The last letter of "Kristen" is "n".The last letter of "Herbert" is "t".The last letter of "Benny" is "y".The last letter of "El" is "l".So the final answer is "ntyl". Therefore the answer is "ntyl".
Take the last letters of each words in "Lupita Cyndi Kay Derrick" and concatenate them.,The last letter of "Lupita" is "a".The last letter of "Cyndi" is "i".The last letter of "Kay" is "y".The last letter of "Derrick" is "k".So the final answer would be "aiyk". Therefore the answer is "aiyk".
Take the last letters of each words in "Les Jun Noe Juliana" and concatenate them.,The last letter of "Les" is "s".The last letter of "Jun" is "n".The last letter of "Noe" is "e".The last letter of "Juliana" is "a".So the final answer is "snea". Therefore the answer is "snea".
Take the last letters of each words in "Elva Kari Shirley Gilberto" and concatenate them.,The last letter of "Elva" is "a".The last letter of "Kari" is "i".The last letter of "Shirley" is "y".The last letter of "Gilberto" is "o".So the final answer would be "aiyo". Therefore the answer is "aiyo".
Take the last letters of each words in "Nico Lorenzo Johanna Teresita" and concatenate them.,Nico: oLorenzo: oJohanna: aTeresita: aSo the final answer would be "ooaa." Therefore the answer is "ooaa."
Take the last letters of each words in "Mia Art Samantha Lety" and concatenate them.,The last letter of "Mia" is "a".The last letter of "Art" is "t".The last letter of "Samantha" is "a".The last letter of "Lety" is "y".So the final answer would be "atay". Therefore the answer is "atay".
Take the last letters of each words in "Ángel Carlton Sameer Martinez" and concatenate them.,The last letter of "Ángel" is "l".The last letter of "Carlton" is "n".The last letter of "Sameer" is "r".The last letter of "Martinez" is "z".Therefore the final answer is "lnrz". Therefore the answer is "lnrz".
Take the last letters of each words in "Jody Juan Rebekah Kaylee" and concatenate them.,The last letter of "Jody" is "y".The last letter of "Juan" is "n".The last letter of "Rebekah" is "h".The last letter of "Kaylee" is "e".So we would concatenate these letters to get "ynhe". Therefore the answer is "ynhe".
Take the last letters of each words in "Clark Jenn Diane Blair" and concatenate them.,The last letter of the first word is "k".The last letter of the second word is "n".The last letter of the third word is "e".The last letter of the fourth word is "r".Therefore the answer is "kner". Therefore the answer is "kner".
Take the last letters of each words in "Penny Harry Jessica Horacio" and concatenate them.,The last letter of "Penny" is "y".The last letter of "Harry" is "y".The last letter of "Jessica" is "a".The last letter of "Horacio" is "o".So the final answer is "yyao". Therefore the answer is "yyao".
Take the last letters of each words in "Nery Cindy Jess Chris" and concatenate them.,The last letter of "Nery" is "y".The last letter of "Cindy" is "y".The last letter of "Jess" is "s".The last letter of "Chris" is "s".So we can concatenate them and get "yyss". Therefore the answer is "yyss".
Take the last letters of each words in "Chantal Ines Valeria Francesca" and concatenate them.,The last letter of "Chantal" is "l".The last letter of "Ines" is "s".The last letter of "Valeria" is "a".The last letter of "Francesca" is "a".So the final answer would be "lsaa". Therefore the answer is "lsaa".
Take the last letters of each words in "Bj Rigo Nigel Christian" and concatenate them.,The last letter of "Bj" is "j".The last letter of "Rigo" is "o".The last letter of "Nigel" is "l".The last letter of "Christian" is "n".So the answer is "joln". Therefore the answer is "joln".
Take the last letters of each words in "Faustino Lamar Fransisco Rina" and concatenate them.,The last letter of "Faustino" is "o".The last letter of "Lamar" is "r".The last letter of "Fransisco" is "o".The last letter of "Rina" is "a".So the final answer would be "oroa". Therefore the answer is "oroa".
Take the last letters of each words in "Yamileth Dane Aron Dee" and concatenate them.,The last letter of "Yamileth" is "h".The last letter of "Dane" is "e".The last letter of "Aron" is "n".The last letter of "Dee" is "e".So the final answer would be "h-e-n-e". Therefore the answer is "hene".
Take the last letters of each words in "Paulo Tatyana Bernice Raúl" and concatenate them.,The last letter of "Paulo" is "o".The last letter of "Tatyana" is "a".The last letter of "Bernice" is "e".The last letter of "Raúl" is "l".So the final answer is "oael". Therefore the answer is "oael".
Take the last letters of each words in "Morgan Perla Joao Marta" and concatenate them.,The last letter of "Morgan" is "n".The last letter of "Perla" is "a".The last letter of "Joao" is "o".The last letter of "Marta" is "a".If we put all these letters together we get "n-a-o-a" which is not the answer. What did we do wrong?We forgot to put a space between each letter! If we put a space between each letter we get "n a o a" which is the correct answer. Therefore the answer is "n a o a".
Take the last letters of each words in "Lore Erasmo Louis David" and concatenate them.,The last letter of "Lore" is "e".The last letter of "Erasmo" is "o".The last letter of "Louis" is "s".The last letter of "David" is "d".So the final answer is "eosd". Therefore the answer is "eosd".
Take the last letters of each words in "Ari Jasmine Elliot Kendrick" and concatenate them.,The last letter of "Ari" is "i".The last letter of "Jasmine" is "e".The last letter of "Elliot" is "t".The last letter of "Kendrick" is "k".So the final answer would be "ietk". Therefore the answer is "ietk".
Take the last letters of each words in "Logan Ely Abbie Colleen" and concatenate them.,The last letter of "Logan" is "n".The last letter of "Ely" is "y".The last letter of "Abbie" is "e".The last letter of "Colleen" is "n".So the final answer is "nyen". Therefore the answer is "nyen".
Take the last letters of each words in "Denny Carlo Reinaldo Jessi" and concatenate them.,The last letter of "Denny" is "y".The last letter of "Carlo" is "o".The last letter of "Reinaldo" is "o".The last letter of "Jessi" is "i".So we have "y" + "o" + "o" + "i" = "yooi". Therefore the answer is "yooi".
Take the last letters of each words in "Ace Rosy Kimberly Jean" and concatenate them.,The last letter of "Ace" is "e".The last letter of "Rosy" is "y".The last letter of "Kimberly" is "y".The last letter of "Jean" is "n".So the final answer is "eyyn". Therefore the answer is "eyyn".
Take the last letters of each words in "Caroline Demetrius Fidel Solomon" and concatenate them.,The last letter of "Caroline" is "e".The last letter of "Demetrius" is "s".The last letter of "Fidel" is "l".The last letter of "Solomon" is "n".So we have "esln". Therefore the answer is "esln".
Take the last letters of each words in "Salma Pj Gladis Monica" and concatenate them.,The last letter of the first word is "a".The last letter of the second word is "j".The last letter of the third word is "s".The last letter of the fourth word is "a".Therefore the final answer is "ajsa". Therefore the answer is "ajsa".
Take the last letters of each words in "Debora Jayson Donna Sai" and concatenate them.,The last letter of "Debora" is "a".The last letter of "Jayson" is "n".The last letter of "Donna" is "a".The last letter of "Sai" is "i".So the final answer would be "anai". Therefore the answer is "anai".
Take the last letters of each words in "Darwin Colin Cj Abhishek" and concatenate them.,The last letter of "Darwin" is "n".The last letter of "Colin" is "n".The last letter of "Cj" is "j".The last letter of "Abhishek" is "k".So the final answer is "n n j k". Therefore the answer is "nnjk".
Take the last letters of each words in "Lizzy Juany Aisha Brenda" and concatenate them.,The last letter of "Lizzy" is "y".The last letter of "Juany" is "y".The last letter of "Aisha" is "a".The last letter of "Brenda" is "a".So the final answer is "yyaa". Therefore the answer is "yyaa".
Take the last letters of each words in "Alfonso Collin Amado Dick" and concatenate them.,The last letter of "Alfonso" is "o".The last letter of "Collin" is "n".The last letter of "Amado" is "o".The last letter of "Dick" is "k".So the final answer would be "onok". Therefore the answer is "onok".
Take the last letters of each words in "Yan Eunice Joseph Hugh" and concatenate them.,The last letter of "Yan" is "n".The last letter of "Eunice" is "e".The last letter of "Joseph" is "h".The last letter of "Hugh" is "h".So the final answer is "n-e-h-h". Therefore the answer is "nehh".
Take the last letters of each words in "Shannon Millie Rosemary Priyanka" and concatenate them.,The last letter of "Shannon" is "n".The last letter of "Millie" is "e".The last letter of "Rosemary" is "y".The last letter of "Priyanka" is "a".So the final answer is "neya". Therefore the answer is "neya".
Take the last letters of each words in "Sherry Ben Allison Anthony" and concatenate them.,The last letter of "Sherry" is "y".The last letter of "Ben" is "n".The last letter of "Allison" is "n".The last letter of "Anthony" is "y".So the final answer is "ynny". Therefore the answer is "ynny".
Take the last letters of each words in "Philip Antony Iris Alicia" and concatenate them.,The last letter of "Philip" is "p".The last letter of "Antony" is "y".The last letter of "Iris" is "s".The last letter of "Alicia" is "a".Therefore the final answer is "pysa". Therefore the answer is "pysa".
Take the last letters of each words in "Violeta Clay Janelle Mac" and concatenate them.,The last letter of "Violeta" is "a".The last letter of "Clay" is "y".The last letter of "Janelle" is "e".The last letter of "Mac" is "c".So the final answer would be "ayec". Therefore the answer is "ayec".
Take the last letters of each words in "Hank Janine Frankie Isa" and concatenate them.,The last letter of "Hank" is "k".The last letter of "Janine" is "e".The last letter of "Frankie" is "e".The last letter of "Isa" is "a".So the final answer is "keea". Therefore the answer is "keea".
Take the last letters of each words in "Diego Val Vincent Stacie" and concatenate them.,The last letter of "Diego" is "o".The last letter of "Val" is "l".The last letter of "Vincent" is "t".The last letter of "Stacie" is "e".So the final answer would be "o l t e". Therefore the answer is "olte".
Take the last letters of each words in "Kennedy Ginny Iliana Sky" and concatenate them.,The last letter of "Kennedy" is "y".The last letter of "Ginny" is "y".The last letter of "Iliana" is "a".The last letter of "Sky" is "y".So we would concatenate "yyay". Therefore the answer is "yyay".
Take the last letters of each words in "Tori Mariam Gaby Brayan" and concatenate them.,The last letter of "Tori" is "i".The last letter of "Mariam" is "m".The last letter of "Gaby" is "y".The last letter of "Brayan" is "n".So the final answer would be "imyn". Therefore the answer is "imyn".
Take the last letters of each words in "Dustin Luiz Rolando Connor" and concatenate them.,The last letter of "Dustin" is "n".The last letter of "Luiz" is "z".The last letter of "Rolando" is "o".The last letter of "Connor" is "r".So the final answer is "nzor". Therefore the answer is "nzor".
Take the last letters of each words in "Louise Mariano Laura Gerardo" and concatenate them.,The last letter of "Louise" is "e".The last letter of "Mariano" is "o".The last letter of "Laura" is "a".The last letter of "Gerardo" is "o".So the final answer is "eoao". Therefore the answer is "eoao".
Take the last letters of each words in "Cruz Wilber Marilu Malik" and concatenate them.,The last letter of "Cruz" is "z".The last letter of "Wilber" is "r".The last letter of "Marilu" is "u".The last letter of "Malik" is "k".Now we can put them all together. The answer is "zruk". Therefore the answer is "zruk".
Take the last letters of each words in "Laila Audrey Glenn Rhonda" and concatenate them.,The last letter of "Laila" is "a".The last letter of "Audrey" is "y".The last letter of "Glenn" is "n".The last letter of "Rhonda" is "a".So the final answer is "ayna". Therefore the answer is "ayna".
Take the last letters of each words in "Joyce Leroy Alyssa Maggie" and concatenate them.,The last letter of "Joyce" is "e".The last letter of "Leroy" is "y".The last letter of "Alyssa" is "a".The last letter of "Maggie" is "e".So the final answer is "eyae". Therefore the answer is "eyae".
Take the last letters of each words in "Jeremy Simone Alondra Wyatt" and concatenate them.,The last letter of the first word is "y".The last letter of the second word is "e".The last letter of the third word is "a".The last letter of the fourth word is "t".So the final answer is "yeat". Therefore the answer is "yeat".
Take the last letters of each words in "Marian Joanne Darrin Rohit" and concatenate them.,The last letter of "Marian" is "n".The last letter of "Joanne" is "e".The last letter of "Darrin" is "n".The last letter of "Rohit" is "t".So the final answer would be "nent". Therefore the answer is "nent".
Take the last letters of each words in "Salvador Sol Tyler Kareem" and concatenate them.,The last letter of "Salvador" is "r". The last letter of "Sol" is "l". The last letter of "Tyler" is "r". The last letter of "Kareem" is "m". So the final answer is "rlrm". Therefore the answer is "rlrm".
Take the last letters of each words in "Julio Sidney Aiden Shay" and concatenate them.,The last letter of "Julio" is "o".The last letter of "Sidney" is "y".The last letter of "Aiden" is "n".The last letter of "Shay" is "y".So the final answer would be "oyny". Therefore the answer is "oyny".
Take the last letters of each words in "Janice Shelly Arnulfo Nestor" and concatenate them.,The last letter of "Janice" is "e".The last letter of "Shelly" is "y".The last letter of "Arnulfo" is "o".The last letter of "Nestor" is "r".So the final answer is "eyor". Therefore the answer is "eyor".
Take the last letters of each words in "Antoine Javier Brett Stewart" and concatenate them.,The last letter of "Antoine" is "e".The last letter of "Javier" is "r".The last letter of "Brett" is "t".The last letter of "Stewart" is "t".So the final answer is "e r t t". Therefore the answer is "ertt".
Take the last letters of each words in "Bill Santos Roxy Randi" and concatenate them.,The last letter of "Bill" is "l".The last letter of "Santos" is "s".The last letter of "Roxy" is "y".The last letter of "Randi" is "i".So the final answer would be "lsyi". Therefore the answer is "lsyi".
Take the last letters of each words in "Lino Mariel Aditya Elisabeth" and concatenate them.,The last letter of "Lino" is "o".The last letter of "Mariel" is "l".The last letter of "Aditya" is "a".The last letter of "Elisabeth" is "h".So the final answer is "olah". Therefore the answer is "olah".
Take the last letters of each words in "Nichole Heriberto Darian Peter" and concatenate them.,The last letter of "Nichole" is "e".The last letter of "Heriberto" is "o".The last letter of "Darian" is "n".The last letter of "Peter" is "r".So the final answer would be "eo" + "nr" = "eonr". Therefore the answer is "eonr".
Take the last letters of each words in "Walter Mikayla Larry Ryan" and concatenate them.,The last letter of "Walter" is "r". The last letter of "Mikayla" is "a". The last letter of "Larry" is "y". The last letter of "Ryan" is "n". So the final answer is "r a y n". Therefore the answer is "r a y n".
Take the last letters of each words in "Annie Toño Sharon Delores" and concatenate them.,The last letter of "Annie" is "e".The last letter of "Toño" is "o".The last letter of "Sharon" is "n".The last letter of "Delores" is "s".So we would have "e" + "o" + "n" + "s" = "eons". Therefore the answer is "eons".
Take the last letters of each words in "Christina Edna Ileana Lynette" and concatenate them.,The last letter of "Christina" is "a".The last letter of "Edna" is "a".The last letter of "Ileana" is "a".The last letter of "Lynette" is "e".So the final answer is "aaae". Therefore the answer is "aaae".
Take the last letters of each words in "Noah Aubrey Cesar Eliana" and concatenate them.,The last letter of "Noah" is "h".The last letter of "Aubrey" is "y".The last letter of "Cesar" is "r".The last letter of "Eliana" is "a".So the final answer would be "hyra". Therefore the answer is "hyra".
Take the last letters of each words in "Dallas Uriel Brendan Julian" and concatenate them.,The last letter of "Dallas" is "s".The last letter of "Uriel" is "l".The last letter of "Brendan" is "n".The last letter of "Julian" is "n".So the final answer is "slnn". Therefore the answer is "slnn".
Take the last letters of each words in "Idalia Arnoldo Marla Duane" and concatenate them.,The last letter of "Idalia" is "a".The last letter of "Arnoldo" is "o".The last letter of "Marla" is "a".The last letter of "Duane" is "e".So the final answer would be "aoae". Therefore the answer is "aoae".
Take the last letters of each words in "Markus Kathryn Giovanna Kent" and concatenate them.,The last letter of "Markus" is "s". The last letter of "Kathryn" is "n". The last letter of "Giovanna" is "a". The last letter of "Kent" is "t". So the final answer would be "snat". Therefore the answer is "snat".
Take the last letters of each words in "Sophie Gregorio Avery Pooja" and concatenate them.,The last letter of "Sophie" is "e".The last letter of "Gregorio" is "o".The last letter of "Avery" is "y".The last letter of "Pooja" is "a".So the final answer would be "eoya". Therefore the answer is "eoya".
Take the last letters of each words in "Corey Elvin Tino Melvin" and concatenate them.,The last letter of the first word is "y".The last letter of the second word is "n".The last letter of the third word is "o".The last letter of the fourth word is "n".So the final answer is "ynon". Therefore the answer is "ynon".
Take the last letters of each words in "Gee Joseluis Cory Stefanie" and concatenate them.,The last letter of the first word is "e".The last letter of the second word is "s".The last letter of the third word is "y".The last letter of the fourth word is "e".So the final answer is "esye". Therefore the answer is "esye".
Take the last letters of each words in "Hayden Maya Zack Roberto" and concatenate them.,The last letter of "Hayden" is "n".The last letter of "Maya" is "a".The last letter of "Zack" is "k".The last letter of "Roberto" is "o".So the final answer is "nako". Therefore the answer is "nako".
Take the last letters of each words in "Meg Andrey Gerard Lilia" and concatenate them.,The last letter of "Meg" is "g".The last letter of "Andrey" is "y".The last letter of "Gerard" is "d".The last letter of "Lilia" is "a".So the final answer is "gyda". Therefore the answer is "gyda".
Take the last letters of each words in "Jon Heath Reynaldo Catherine" and concatenate them.,The last letter of "Jon" is "n".The last letter of "Heath" is "h".The last letter of "Reynaldo" is "o".The last letter of "Catherine" is "e".So the final answer is "nhoe". Therefore the answer is "nhoe".
Take the last letters of each words in "Irvin Brittney Vince Lucas" and concatenate them.,The last letter of "Irvin" is "n".The last letter of "Brittney" is "y".The last letter of "Vince" is "e".The last letter of "Lucas" is "s".So the final answer is "nyes". Therefore the answer is "nyes".
Take the last letters of each words in "Angelica Tariq Ursula Nena" and concatenate them.,The last letter of "Angelica" is "a".The last letter of "Tariq" is "q".The last letter of "Ursula" is "a".The last letter of "Nena" is "a".So the final answer is "aqaa". Therefore the answer is "aqaa".
Take the last letters of each words in "Tiara Araceli Michaela Genaro" and concatenate them.,The last letter of "Tiara" is "a".The last letter of "Araceli" is "i".The last letter of "Michaela" is "a".The last letter of "Genaro" is "o".So the final answer would be "aiao". Therefore the answer is "aiao".
Take the last letters of each words in "Vicki Dwight Johnson Alexandra" and concatenate them.,The last letter of "Vicki" is "i".The last letter of "Dwight" is "t".The last letter of "Johnson" is "n".The last letter of "Alexandra" is "a".So the final answer is "itna". Therefore the answer is "itna".
Take the last letters of each words in "Sunny Trisha Paul Guy" and concatenate them.,The last letter of the first word is "y".The last letter of the second word is "a".The last letter of the third word is "l".The last letter of the fourth word is "y".So the final answer is "yaly". Therefore the answer is "yaly".
Take the last letters of each words in "Adrian Marlon Karla Florence" and concatenate them.,The last letter of "Adrian" is "n".The last letter of "Marlon" is "n".The last letter of "Karla" is "a".The last letter of "Florence" is "e".So the final answer would be "nnae". Therefore the answer is "nnae".
Take the last letters of each words in "Hilario Magdalena Morris Patricio" and concatenate them.,The last letter of "Hilario" is "o".The last letter of "Magdalena" is "a".The last letter of "Morris" is "s".The last letter of "Patricio" is "o".So the final answer is "oaso". Therefore the answer is "oaso".
Take the last letters of each words in "Micaela Kevin Diamond Ty" and concatenate them.,The last letter of "Micaela" is "a".The last letter of "Kevin" is "n".The last letter of "Diamond" is "d".The last letter of "Ty" is "y".So the final answer would be "andy". Therefore the answer is "andy".
Take the last letters of each words in "Dany Hilda Butch Mahesh" and concatenate them.,The last letter of "Dany" is "y".The last letter of "Hilda" is "a".The last letter of "Butch" is "h".The last letter of "Mahesh" is "h".So the final answer is "yahh". Therefore the answer is "yahh".
Take the last letters of each words in "Amanda Geoff Belinda Gaurav" and concatenate them.,The last letter of "Amanda" is "a".The last letter of "Geoff" is "f".The last letter of "Belinda" is "a".The last letter of "Gaurav" is "v".So the final answer is "afav". Therefore the answer is "afav".
Take the last letters of each words in "Leanne Lulu Lopez Jp" and concatenate them.,The last letter of "Leanne" is "e".The last letter of "Lulu" is "u".The last letter of "Lopez" is "z".The last letter of "Jp" is "p".So the final answer is "euzp". Therefore the answer is "euzp".
Take the last letters of each words in "Daphne Lola Joanna Sheena" and concatenate them.,The last letter of "Daphne" is "e".The last letter of "Lola" is "a".The last letter of "Joanna" is "a".The last letter of "Sheena" is "a".So the final answer would be "eaaa". Therefore the answer is "eaaa".
Take the last letters of each words in "Dusty Yanet Hortencia Lili" and concatenate them.,The last letter of the first word is "y".The last letter of the second word is "t".The last letter of the third word is "a".The last letter of the fourth word is "i".So the final answer is "ytai". Therefore the answer is "ytai".
Take the last letters of each words in "Rohan Antoinette Nikki Aida" and concatenate them.,The last letter of "Rohan" is "n".The last letter of "Antoinette" is "e".The last letter of "Nikki" is "i".The last letter of "Aida" is "a".So the final answer would be "neia". Therefore the answer is "neia".
Take the last letters of each words in "Courtney Ann John Fer" and concatenate them.,The last letter of the first word is "y".The last letter of the second word is "n".The last letter of the third word is "n".The last letter of the fourth word is "r".So the final answer is "ynnr". Therefore the answer is "ynnr".
Take the last letters of each words in "Neil Dani Eddie Marcelino" and concatenate them.,The last letter of "Neil" is "l".The last letter of "Dani" is "i".The last letter of "Eddie" is "e".The last letter of "Marcelino" is "o".So the final answer is "l i e o". Therefore the answer is "lieo".
Take the last letters of each words in "Pauline Kerry Jeannette Hope" and concatenate them.,The last letter of "Pauline" is "e".The last letter of "Kerry" is "y".The last letter of "Jeannette" is "e".The last letter of "Hope" is "e".So the final answer is "eyee". Therefore the answer is "eyee".
Take the last letters of each words in "Miriam Brandy Bertha Renato" and concatenate them.,The last letter of "Miriam" is "m".The last letter of "Brandy" is "y".The last letter of "Bertha" is "a".The last letter of "Renato" is "o".So the final answer would be "myao". Therefore the answer is "myao".
Take the last letters of each words in "Gabi Dante Rafa Tricia" and concatenate them.,The last letter of the first word is "i".The last letter of the second word is "e".The last letter of the third word is "a".The last letter of the fourth word is "a".So the final answer is "ieaa". Therefore the answer is "ieaa".
Take the last letters of each words in "Star Jude Rosemarie Raquel" and concatenate them.,The last letter of "Star" is "r".The last letter of "Jude" is "e".The last letter of "Rosemarie" is "e".The last letter of "Raquel" is "l".So the final answer would be "reel". Therefore the answer is "reel".
Take the last letters of each words in "Fred Nolan Johnathan Carson" and concatenate them.,The last letter of "Fred" is "d".The last letter of "Nolan" is "n".The last letter of "Johnathan" is "n".The last letter of "Carson" is "n".So the final answer is "dnnn". Therefore the answer is "dnnn".
Take the last letters of each words in "Efrain Rickey Jonathan Kelli" and concatenate them.,The last letter of "Efrain" is "n".The last letter of "Rickey" is "y".The last letter of "Jonathan" is "n".The last letter of "Kelli" is "i".If we put all these letters together we get "nyni". Therefore the answer is "nyni".
Take the last letters of each words in "Charity Svetlana Jamie Jose A" and concatenate them.,The last letter of "Charity" is "y".The last letter of "Svetlana" is "a".The last letter of "Jamie" is "e".The last letter of "Jose" is "e".The last letter of "A" is "A".So the final answer is "yaeA". Therefore the answer is "yaeA".
Take the last letters of each words in "Debi Raymond Luis Federico" and concatenate them.,The last letter of "Debi" is "i".The last letter of "Raymond" is "d".The last letter of "Luis" is "s".The last letter of "Federico" is "o".So the final answer would be "idso". Therefore the answer is "idso".
Take the last letters of each words in "Ubaldo Katrina Francis Lynn" and concatenate them.,The last letter of "Ubaldo" is "o".The last letter of "Katrina" is "a".The last letter of "Francis" is "s".The last letter of "Lynn" is "n".So the final answer is "oasn". Therefore the answer is "oasn".
Take the last letters of each words in "Eugenio Moises Marion Kirk" and concatenate them.,The last letter of "Eugenio" is "o".The last letter of "Moises" is "s".The last letter of "Marion" is "n".The last letter of "Kirk" is "k".So the final answer would be "osnk". Therefore the answer is "osnk".
Take the last letters of each words in "Selene Felix Milton Yessica" and concatenate them.,The last letter of "Selene" is "e".The last letter of "Felix" is "x".The last letter of "Milton" is "n".The last letter of "Yessica" is "a".So we can concatenate these letters to get "exna". Therefore the answer is "exna".
Take the last letters of each words in "Arturo Dominick Christa Myles" and concatenate them.,The last letter of "Arturo" is "o".The last letter of "Dominick" is "k".The last letter of "Christa" is "a".The last letter of "Myles" is "s".So the final answer is "okas". Therefore the answer is "okas".
Take the last letters of each words in "Missy Erin Lorna Lenny" and concatenate them.,The last letter of "Missy" is "y".The last letter of "Erin" is "n".The last letter of "Lorna" is "a".The last letter of "Lenny" is "y".So the final answer is "ynay". Therefore the answer is "ynay".
Take the last letters of each words in "Chuy Shane Jaden Maynor" and concatenate them.,The last letter of "Chuy" is "y".The last letter of "Shane" is "e".The last letter of "Jaden" is "n".The last letter of "Maynor" is "r".So the final answer is "yenr". Therefore the answer is "yenr".
Take the last letters of each words in "Estrella Madison Paco Rj" and concatenate them.,The last letter of "Estrella" is "a".The last letter of "Madison" is "n".The last letter of "Paco" is "o".The last letter of "Rj" is "j".So the final answer is "anoj". Therefore the answer is "anoj".
Take the last letters of each words in "Cristian Nik Gwen Josiah" and concatenate them.,The last letter of "Cristian" is "n". The last letter of "Nik" is "k". The last letter of "Gwen" is "n". The last letter of "Josiah" is "h". So the final answer is "nknh". Therefore the answer is "nknh".
Take the last letters of each words in "Kristi Eduardo Angelo Clare" and concatenate them.,The last letter of "Kristi" is "i".The last letter of "Eduardo" is "o".The last letter of "Angelo" is "o".The last letter of "Clare" is "e".So the final answer is "iooe". Therefore the answer is "iooe".
Take the last letters of each words in "Cristina Saad Bridget Katie" and concatenate them.,The last letter of "Cristina" is "a".The last letter of "Saad" is "d".The last letter of "Bridget" is "t".The last letter of "Katie" is "e".So the final answer would be "adte". Therefore the answer is "adte".
Take the last letters of each words in "Carolyn Sasha Mercy Keri" and concatenate them.,The last letter of "Carolyn" is "n".The last letter of "Sasha" is "a".The last letter of "Mercy" is "y".The last letter of "Keri" is "i".So the final answer would be "nayi". Therefore the answer is "nayi".
Take the last letters of each words in "Efren Rex Marilyn Emerson" and concatenate them.,The last letter of "Efren" is "n".The last letter of "Rex" is "x".The last letter of "Marilyn" is "n".The last letter of "Emerson" is "n".If we put all these letters together we get "nxnn". Therefore the answer is "nxnn".
Take the last letters of each words in "Gabby Reese Leah Celia" and concatenate them.,The last letter of "Gabby" is "y".The last letter of "Reese" is "e".The last letter of "Leah" is "h".The last letter of "Celia" is "a".So the final answer is "yeha". Therefore the answer is "yeha".
Take the last letters of each words in "Drew Jhon Jayden Cliff" and concatenate them.,The last letter of "Drew" is "w".The last letter of "Jhon" is "n".The last letter of "Jayden" is "n".The last letter of "Cliff" is "f".So the final answer is "wnnf". Therefore the answer is wnnf.
Take the last letters of each words in "Letty Aimee Elvia Ted" and concatenate them.,The last letter of "Letty" is "y".The last letter of "Aimee" is "e".The last letter of "Elvia" is "a".The last letter of "Ted" is "d".So the final answer is "y-e-a-d". Therefore the answer is "yead".
Take the last letters of each words in "Liliana Quincy Bart Makayla" and concatenate them.,The last letter of "Liliana" is "a".The last letter of "Quincy" is "y".The last letter of "Bart" is "t".The last letter of "Makayla" is "a".So the final answer is "ayta". Therefore the answer is "ayta".
Take the last letters of each words in "Margarita Anabel Shaun Celina" and concatenate them.,The last letter of "Margarita" is "a".The last letter of "Anabel" is "l".The last letter of "Shaun" is "n".The last letter of "Celina" is "a".So the final answer would be "alna". Therefore the answer is "alna".
Take the last letters of each words in "Nicky Eden James Matt" and concatenate them.,The last letter of "Nicky" is "y".The last letter of "Eden" is "n".The last letter of "James" is "s".The last letter of "Matt" is "t".So the final answer is "ynst". Therefore the answer is "ynst".
Take the last letters of each words in "Niki Graham Vernon Beau" and concatenate them.,The last letter of "Niki" is "i".The last letter of "Graham" is "m".The last letter of "Vernon" is "n".The last letter of "Beau" is "u".So the final answer would be "imnu". Therefore the answer is "imnu".
Take the last letters of each words in "Prince Rene Vishal Patrick" and concatenate them.,The last letter of "Prince" is "e". The last letter of "Rene" is "e". The last letter of "Vishal" is "l". The last letter of "Patrick" is "k". If we put all these letters together we get "eelk". Therefore the answer is "eelk".
Take the last letters of each words in "Elle Alex Irma Stephan" and concatenate them.,The last letter of "Elle" is "e".The last letter of "Alex" is "x".The last letter of "Irma" is "a".The last letter of "Stephan" is "n".So the final answer is "exan". Therefore the answer is "exan".
Take the last letters of each words in "Marcos Kerri Fabio Stephen" and concatenate them.,The last letter of "Marcos" is "s".The last letter of "Kerri" is "i".The last letter of "Fabio" is "o".The last letter of "Stephen" is "n".So the final answer would be "sion". Therefore the answer is "sion".
Take the last letters of each words in "Rashad Savannah Flavio Bert" and concatenate them.,The last letter of "Rashad" is "d".The last letter of "Savannah" is "h".The last letter of "Flavio" is "o".The last letter of "Bert" is "t".So the final answer would be "dhot". Therefore the answer is "dhot".
Take the last letters of each words in "Bernie Melina Kelsey Rusty" and concatenate them.,The last letter of the first word is "e".The last letter of the second word is "a".The last letter of the third word is "y".The last letter of the fourth word is "y".So the final answer is "eayy". Therefore the answer is "eayy".
Take the last letters of each words in "Thomas Cara Nita Frances" and concatenate them.,The last letter of "Thomas" is "s". The last letter of "Cara" is "a". The last letter of "Nita" is "a". The last letter of "Frances" is "s". So the final answer would be "s-a-a-s" (without the quotation marks). Therefore the answer is "saas".
Take the last letters of each words in "Imelda Andi Mack Rigoberto" and concatenate them.,The last letter of "Imelda" is "a".The last letter of "Andi" is "i".The last letter of "Mack" is "k".The last letter of "Rigoberto" is "o".So the final answer would be "aiko". Therefore the answer is "aiko".
Take the last letters of each words in "Wilson Abbey Harold Nelly" and concatenate them.,The last letter of "Wilson" is "n".The last letter of "Abbey" is "y".The last letter of "Harold" is "d".The last letter of "Nelly" is "y".So the final answer is "nydy". Therefore the answer is "nydy".
Take the last letters of each words in "Michele Karan Abraham Ellen" and concatenate them.,The last letter of "Michele" is "e".The last letter of "Karan" is "n".The last letter of "Abraham" is "m".The last letter of "Ellen" is "n".So the final answer is "enmn". Therefore the answer is "enmn".
Take the last letters of each words in "Wilfredo Abby Karthik Perry" and concatenate them.,The last letter of "Wilfredo" is "o".The last letter of "Abby" is "y".The last letter of "Karthik" is "k".The last letter of "Perry" is "y".So the final answer is "oyky". Therefore the answer is "oyky".
Take the last letters of each words in "Roberta Mauro Clint Marcela" and concatenate them.,The last letter of "Roberta" is "a".The last letter of "Mauro" is "o".The last letter of "Clint" is "t".The last letter of "Marcela" is "a".So the final answer would be "aota". Therefore the answer is "aota".
Take the last letters of each words in "Yessenia Geraldine Minerva Tanya" and concatenate them.,The last letter of "Yessenia" is "a".The last letter of "Geraldine" is "e".The last letter of "Minerva" is "a".The last letter of "Tanya" is "a".So the final answer is "aeaa". Therefore the answer is "aeaa".
Take the last letters of each words in "Reginald Franky Kira Gordon" and concatenate them.,The last letter of "Reginald" is "d".The last letter of "Franky" is "y".The last letter of "Kira" is "a".The last letter of "Gordon" is "n".So the final answer is "dyan". Therefore the answer is "dyan".
Take the last letters of each words in "Larissa Shawna Alma Paulette" and concatenate them.,The last letter of "Larissa" is "a".The last letter of "Shawna" is "a".The last letter of "Alma" is "a".The last letter of "Paulette" is "e".So the final answer would be "aaae". Therefore the answer is "aaae".
Take the last letters of each words in "Kali Jeanette Tess Devin" and concatenate them.,The last letter of "Kali" is "i".The last letter of "Jeanette" is "e".The last letter of "Tess" is "s".The last letter of "Devin" is "n".So we can concatenate these letters to get "iesn". Therefore the answer is "iesn".
Take the last letters of each words in "Teri Lina Mery Melanie" and concatenate them.,The last letter of the first word is "i".The last letter of the second word is "a".The last letter of the third word is "y".The last letter of the fourth word is "e".So the final answer would be "iaye". Therefore the answer is "iaye".
Take the last letters of each words in "Todd Joni Gil Fran" and concatenate them.,The last letter of "Todd" is "d".The last letter of "Joni" is "i".The last letter of "Gil" is "l".The last letter of "Fran" is "n".So the final answer is "diln". Therefore the answer is "diln".
Take the last letters of each words in "Juana Chip Lila Jayme" and concatenate them.,The last letter of "Juana" is "a".The last letter of "Chip" is "p".The last letter of "Lila" is "a".The last letter of "Jayme" is "e".So the final answer is "apae". Therefore the answer is "apae".
Take the last letters of each words in "Anand Estefania Stanley Lizette" and concatenate them.,The last letter of "Anand" is "d".The last letter of "Estefania" is "a".The last letter of "Stanley" is "y".The last letter of "Lizette" is "e".So the final answer is "daye". Therefore the answer is "daye".
Take the last letters of each words in "Kelvin Brennan Carina Paty" and concatenate them.,The last letter of "Kelvin" is "n". The last letter of "Brennan" is "n". The last letter of "Carina" is "a". The last letter of "Paty" is "y". So the final answer would be "nnay". Therefore the answer is "nnay".
Take the last letters of each words in "Raven Marisela Ross Angie" and concatenate them.,The last letter of "Raven" is "n".The last letter of "Marisela" is "a".The last letter of "Ross" is "s".The last letter of "Angie" is "e".So the final answer is "nase". Therefore the answer is "nase".
Take the last letters of each words in "Lara Greg Ethan Terrence" and concatenate them.,The last letter of "Lara" is "a".The last letter of "Greg" is "g".The last letter of "Ethan" is "n".The last letter of "Terrence" is "e".So the final answer is "agne". Therefore the answer is "agne".
Take the last letters of each words in "Marcia Belen Reyna Britney" and concatenate them.,The last letter of the first word is "a".The last letter of the second word is "n".The last letter of the third word is "a".The last letter of the fourth word is "y".Therefore the final answer is "anay". Therefore the answer is "anay".
Take the last letters of each words in "Bailey Lourdes Brianna Martín" and concatenate them.,The last letter of "Bailey" is "y".The last letter of "Lourdes" is "s".The last letter of "Brianna" is "a".The last letter of "Martín" is "n".So the final answer is "ysan". Therefore the answer is "ysan".
Take the last letters of each words in "Rubi Daisy Yadira Santa" and concatenate them.,The last letter of "Rubi" is "i".The last letter of "Daisy" is "y".The last letter of "Yadira" is "a".The last letter of "Santa" is "a".So the final answer would be "iyaa". Therefore the answer is "iyaa".
Take the last letters of each words in "Cassie Clifton Erik Everardo" and concatenate them.,The last letter of "Cassie" is "e". The last letter of "Clifton" is "n". The last letter of "Erik" is "k". The last letter of "Everardo" is "o". If we put all these letters together we get "enko". Therefore the answer is "enko".
Take the last letters of each words in "Kristy Brandi Lizeth Petra" and concatenate them.,The last letter of "Kristy" is "y".The last letter of "Brandi" is "i".The last letter of "Lizeth" is "h".The last letter of "Petra" is "a".So we have "y" + "i" + "h" + "a" = "yiha". Therefore the answer is "yiha".
Take the last letters of each words in "Dan Ruth Xavier Isidro" and concatenate them.,The last letter of "Dan" is "n".The last letter of "Ruth" is "h".The last letter of "Xavier" is "r".The last letter of "Isidro" is "o".So the final answer is "nhro". Therefore the answer is "nhro".
Take the last letters of each words in "Earl Rudy Harrison Nadine" and concatenate them.,The last letter of the first word is "l".The last letter of the second word is "y".The last letter of the third word is "n".The last letter of the fourth word is "e".So the final answer would be "lyne". Therefore the answer is "lyne".
Take the last letters of each words in "Cinthia Lloyd Jacqueline Jc" and concatenate them.,The last letter of "Cinthia" is "a".The last letter of "Lloyd" is "d".The last letter of "Jacqueline" is "e".The last letter of "Jc" is "c".So the final answer would be "adec". Therefore the answer is "adec".
Take the last letters of each words in "Blaine Syed Priya Ruby" and concatenate them.,The last letter of "Blaine" is "e".The last letter of "Syed" is "d".The last letter of "Priya" is "a".The last letter of "Ruby" is "y".So the final answer is "eday". Therefore the answer is "eday".
Take the last letters of each words in "Stevie Julie Leonard Karina" and concatenate them.,The last letter of "Stevie" is "e".The last letter of "Julie" is "e".The last letter of "Leonard" is "d".The last letter of "Karina" is "a".So we would concatenate these letters to get "eeda". Therefore the answer is "eeda".
Take the last letters of each words in "Shawn Tracie Lynne Leila" and concatenate them.,The last letter of "Shawn" is "n".The last letter of "Tracie" is "e".The last letter of "Lynne" is "e".The last letter of "Leila" is "a".If we put all these letters together we get "neea". Therefore the answer is "neea".
Take the last letters of each words in "Gus Brock Ava Jenna" and concatenate them.,The last letter of "Gus" is "s".The last letter of "Brock" is "k".The last letter of "Ava" is "a".The last letter of "Jenna" is "a".So the final answer would be "skaa". Therefore the answer is "skaa".
Take the last letters of each words in "Britt Tamara Elvis Nayeli" and concatenate them.,The last letter of "Britt" is "t".The last letter of "Tamara" is "a".The last letter of "Elvis" is "s".The last letter of "Nayeli" is "i".So the final answer would be "tasi". Therefore the answer is "tasi".
Take the last letters of each words in "Breanna Trey Omar Patrice" and concatenate them.,The last letter of "Breanna" is "a".The last letter of "Trey" is "y".The last letter of "Omar" is "r".The last letter of "Patrice" is "e".So the final answer would be "ayre". Therefore the answer is "ayre".
Take the last letters of each words in "Brooklyn Dawn Tay Gene" and concatenate them.,The last letter of the first word is "n".The last letter of the second word is "n".The last letter of the third word is "y".The last letter of the fourth word is "e".So the final answer would be "nnye". Therefore the answer is "nnye".
Take the last letters of each words in "Alina Alessandra Amina Bianca" and concatenate them.,The last letter of "Alina" is "a".The last letter of "Alessandra" is "a".The last letter of "Amina" is "a".The last letter of "Bianca" is "a".So the final answer is "aaaa". Therefore the answer is "aaaa".
Take the last letters of each words in "Sean Rebeca Marco Sami" and concatenate them.,The last letter of "Sean" is "n".The last letter of "Rebeca" is "a".The last letter of "Marco" is "o".The last letter of "Sami" is "i".If we put all these letters together we get "n-a-o-i" which is not the answer. What did we do wrong?We forgot to put a space between each letter! If we put a space between each letter we get "n a o i" which is the correct answer. Therefore the answer is "n a o i".
Take the last letters of each words in "Forrest Juanito Allan Candice" and concatenate them.,The last letter of "Forrest" is "t".The last letter of "Juanito" is "o".The last letter of "Allan" is "n".The last letter of "Candice" is "e".If we put all these letters together we get "tone". Therefore the answer is "tone".
Take the last letters of each words in "Sterling Jenifer Patsy Denise" and concatenate them.,The last letter of "Sterling" is "g".The last letter of "Jenifer" is "r".The last letter of "Patsy" is "y".The last letter of "Denise" is "e".So the final answer is "grye". Therefore the answer is "grye".
Take the last letters of each words in "Virginia Juanita Zak Wayne" and concatenate them.,The last letter of "Virginia" is "a".The last letter of "Juanita" is "a".The last letter of "Zak" is "k".The last letter of "Wayne" is "e".Therefore the answer is "aake". Therefore the answer is "aake".
Take the last letters of each words in "Ericka Aly Darius Reed" and concatenate them.,The last letter of "Ericka" is "a".The last letter of "Aly" is "y".The last letter of "Darius" is "s".The last letter of "Reed" is "d".So the final answer would be "aysd". Therefore the answer is "aysd".
Take the last letters of each words in "Michel Roy Sergey Jessie" and concatenate them.,The last letter of "Michel" is "l".The last letter of "Roy" is "y".The last letter of "Sergey" is "y".The last letter of "Jessie" is "e".So we can concatenate them and get "lyye". Therefore the answer is "lyye".
Take the last letters of each words in "Yasmin Yesenia Carmela Susie" and concatenate them.,The last letter of "Yasmin" is "n".The last letter of "Yesenia" is "a".The last letter of "Carmela" is "a".The last letter of "Susie" is "e".So the final answer is "naae". Therefore the answer is "naae".
Take the last letters of each words in "Elise Lupe Renee Noemi" and concatenate them.,The last letter of "Elise" is "e".The last letter of "Lupe" is "e".The last letter of "Renee" is "e".The last letter of "Noemi" is "i".So the final answer would be "eeei". Therefore the answer is "eeei".
Take the last letters of each words in "Pretty Jada Sarita Allen" and concatenate them.,The last letter of the first word is "y".The last letter of the second word is "a".The last letter of the third word is "a".The last letter of the fourth word is "n".So the final answer is "y a a n". Therefore the answer is "y a a n".
Take the last letters of each words in "Sonya Eddy Carol Yung" and concatenate them.,The last letter of "Sonya" is "a".The last letter of "Eddy" is "y".The last letter of "Carol" is "l".The last letter of "Yung" is "g".So the final answer is "aylg". Therefore the answer is "aylg".
Take the last letters of each words in "Glen Ariana Reggie Polo" and concatenate them.,The last letter of "Glen" is "n".The last letter of "Ariana" is "a".The last letter of "Reggie" is "e".The last letter of "Polo" is "o".So the final answer would be "naeo". Therefore the answer is "naeo".
Take the last letters of each words in "Meagan Naomi Israel Marie" and concatenate them.,The last letter of "Meagan" is "n".The last letter of "Naomi" is "i".The last letter of "Israel" is "l".The last letter of "Marie" is "e".So the final answer would be "nile". Therefore the answer is "nile".
Take the last letters of each words in "Ulises Derek Adrianna Eugene" and concatenate them.,The last letter of "Ulises" is "s".The last letter of "Derek" is "k".The last letter of "Adrianna" is "a".The last letter of "Eugene" is "e".So the final answer would be "skae". Therefore the answer is "skae".
Take the last letters of each words in "Leigh Mindy Rocky Lex" and concatenate them.,The last letter of "Leigh" is "h".The last letter of "Mindy" is "y".The last letter of "Rocky" is "y".The last letter of "Lex" is "x".So the final answer would be "hyyx". Therefore the answer is "hyyx".
Take the last letters of each words in "Jazmine Carmen Kitty Nina" and concatenate them.,The last letter of "Jazmine" is "e".The last letter of "Carmen" is "n".The last letter of "Kitty" is "y".The last letter of "Nina" is "a".So the final answer would be "enya". Therefore the answer is "enya".
Take the last letters of each words in "Amy Ella Amilcar Roman" and concatenate them.,The last letter of "Amy" is "y".The last letter of "Ella" is "a".The last letter of "Amilcar" is "r".The last letter of "Roman" is "n".So we have "y" + "a" + "r" + "n" = "yarn". Therefore the answer is "yarn".
Take the last letters of each words in "Garrett Eva Joaquin Monique" and concatenate them.,The last letter of "Garrett" is "t".The last letter of "Eva" is "a".The last letter of "Joaquin" is "n".The last letter of "Monique" is "e".So the final answer would be "tane". Therefore the answer is "tane".
Take the last letters of each words in "Tristan Marleny Santiago Viviana" and concatenate them.,The last letter of "Tristan" is "n".The last letter of "Marleny" is "y".The last letter of "Santiago" is "o".The last letter of "Viviana" is "a".If we put all these letters together we get "nyoa". Therefore the answer is "nyoa".
Take the last letters of each words in "Donny Lucero Christopher Gregory" and concatenate them.,The last letter of "Donny" is "y".The last letter of "Lucero" is "o".The last letter of "Christopher" is "r".The last letter of "Gregory" is "y".So the final answer is "yory". Therefore the answer is "yory".
Take the last letters of each words in "Carlitos Damaris Nikhil Jennie" and concatenate them.,The last letter of "Carlitos" is "s". The last letter of "Damaris" is "s". The last letter of "Nikhil" is "l". The last letter of "Jennie" is "e". So the final answer is "ssle". Therefore the answer is "ssle".
Take the last letters of each words in "Jenni Leonel Micheal Kat" and concatenate them.,The last letter of "Jenni" is "i".The last letter of "Leonel" is "l".The last letter of "Micheal" is "l".The last letter of "Kat" is "t".So the final answer is "illt". Therefore the answer is "illt".
Take the last letters of each words in "Kendall Matias Kaleb Randy" and concatenate them.,The last letter of "Kendall" is "l".The last letter of "Matias" is "s".The last letter of "Kaleb" is "b".The last letter of "Randy" is "y".So the final answer would be "lsby". Therefore the answer is "lsby".
Take the last letters of each words in "Wilma Margie Amber Sergio" and concatenate them.,The last letter of "Wilma" is "a".The last letter of "Margie" is "e".The last letter of "Amber" is "r".The last letter of "Sergio" is "o".So the final answer is "aero". Therefore the answer is "aero".
Take the last letters of each words in "Sonia Griffin Claude Josephine" and concatenate them.,The last letter of "Sonia" is "a".The last letter of "Griffin" is "n".The last letter of "Claude" is "e".The last letter of "Josephine" is "e".So the final answer would be "anee". Therefore the answer is "anee".
Take the last letters of each words in "Peggy Trent Darrell Pamela" and concatenate them.,The last letter of "Peggy" is "y".The last letter of "Trent" is "t".The last letter of "Darrell" is "l".The last letter of "Pamela" is "a".So we have "ytla". Therefore the answer is "ytla".
Take the last letters of each words in "Matilde Jan Marcel Mimi" and concatenate them.,The last letter of "Matilde" is "e".The last letter of "Jan" is "n".The last letter of "Marcel" is "l".The last letter of "Mimi" is "i".If we put all these letters together we get "enli". Therefore the answer is "enli".
